timestamp,hot_flow,hot_temperature,hot_pressure,cooling_flow,cooling_temperature,cooling_pressure,composition,hot_outlet_spec,hot_outlet_actual,cold_outlet_actual,hot_outlet_pressure_actual,cold_outlet_pressure_actual
2026-04-12 00:00,40,35.2,2.15,862,31.2,1.8,1,28.4,28.4,33.7,2.1,1.7
2026-04-12 01:00,40.26,35.4,2.15,861.5,31.29,1.81,1,28.5,28.6,33.7,2.1,1.7
2026-04-12 02:00,40.49,35.56,2.14,860.1,31.36,1.82,1,28.5,28.5,33.8,2.1,1.7
2026-04-12 03:00,40.67,35.64,2.14,857.9,31.42,1.82,1,28.6,28.5,33.8,2.1,1.7
2026-04-12 04:00,40.78,35.64,2.13,855,31.45,1.83,1,28.6,28.7,34.1,2.1,1.7
2026-04-12 05:00,40.8,35.54,2.12,851.7,31.44,1.83,1,28.5,28.6,34.1,2,1.7
2026-04-12 06:00,40.73,35.38,2.1,848.3,31.41,1.84,1,28.5,28.4,33.9,2,1.8
2026-04-12 07:00,40.58,35.18,2.09,845,31.35,1.84,1,28.4,29.9,33.7,2,1.8
2026-04-12 08:00,40.37,34.99,2.08,842.1,31.27,1.84,1,28.3,28.4,33.6,2,1.8
2026-04-12 09:00,40.11,34.83,2.07,839.9,31.18,1.84,1,28.3,28.4,33.6,2,1.8
2026-04-12 10:00,39.85,34.76,2.06,838.5,31.1,1.84,1,28.2,28.1,33.5,2,1.8
2026-04-12 11:00,39.6,34.77,2.05,838,31.02,1.83,1,28.2,28.2,33.3,2,1.7
2026-04-12 12:00,40,35.2,2.1,850,31.2,1.8,1,28.4,28.4,33.6,2,1.7
2026-04-12 13:00,39.26,35.04,2.05,839.9,30.95,1.82,1,28.3,28.3,33.3,2,1.7
2026-04-12 14:00,39.2,35.24,2.05,842.2,30.96,1.81,1,28.4,28.3,33.4,2,1.7
2026-04-12 15:00,39.23,35.43,2.06,845,31,1.81,1,28.5,28.5,34,2,1.7
2026-04-12 16:00,39.35,35.58,2.07,848.3,31.07,1.8,1,28.5,28.6,33.5,2,1.7
2026-04-12 17:00,39.54,35.65,2.08,851.7,31.15,1.79,1,28.6,28.5,33.5,2,1.7
2026-04-12 18:00,39.78,35.63,2.09,855,31.24,1.78,1,28.6,28.5,33.7,2,1.7
2026-04-12 19:00,40.04,35.52,2.1,857.9,31.32,1.78,1,28.5,28.6,33.9,2,1.7
2026-04-12 20:00,40.3,35.35,2.11,860.1,31.39,1.77,1,28.5,28.6,33.9,2,1.7
2026-04-12 21:00,40.53,35.15,2.13,861.5,31.43,1.77,1,28.4,29.5,32.8,2.1,1.7
2026-04-12 22:00,40.69,34.96,2.14,862,31.45,1.76,1,28.3,28.3,33.7,2.1,1.7
2026-04-12 23:00,40.79,34.81,2.14,861.5,31.43,1.76,1,28.3,28.4,33.7,2.1,1.7
